{"cameraMode":{"drawMode":0,"name":"Shaded","section":"Shading Mode"},"sceneLighting":false,"audioPlay":false,"sceneViewState":{"m_AlwaysRefresh":false,"showFog":true,"showSkybox":false,"showFlares":true,"showImageEffects":true,"showParticleSystems":true,"showVisualEffectGraphs":true,"m_FxEnabled":true},"in2DMode":false,"pivot":{"x":-0.0044999998062849049,"y":1.0110000371932984,"z":0.017000000923871995},"rotation":{"x":0.08461396396160126,"y":0.9141595363616943,"z":-0.2544780969619751,"w":0.30395716428756716},"size":1.217585563659668,"orthographic":false}